Company Domain,Source
gnc.com,Client List
signetjewelers.com,Client List
vizientinc.com,Client List
wellcomww.com,Client List
ameriprise.com,Client List
prudential.com,Client List
subway.com,Client List
asurion.com,Client List
proximagroup.com,Client List
usradiology.com,Client List
uipath.com,Client List
portal.ct.gov,Client List
tbccorp.com,Client List
nyulangone.org,Client List
apollo.com,Client List
beta.novascotia.ca,Client List
yukon.ca,Client List
fairfaxcounty.gov,Client List
sd.gov,Client List
texas.gov,Client List
trump.com,Client List
unum.la,Client List
bathandbodyworks.com,Client List
tractorsupply.com,Client List
underarmour.com,Client List
aarons.com,Client List
beallsinc.com,Client List
designerbrands.com,Client List
gapinc.com,Client List
shop.lululemon.com,Client List
thefreshmarket.com,Client List
ckr.com,Client List
finnpartners.com,Client List
icrinc.com,Client List
medifastinc.com,Client List
osjl.com,Client List
citi.com,Client List
deloitte.com,Client List
pfizer.com,Client List
accesscorp.com,Client List
acushnetholdingscorp.com,Client List
aventiv.com,Client List
corporate.bic.com,Client List
caleres.com,Client List
chartermfg.com,Client List
conns.com,Client List
cornerstoneondemand.com,Client List
daisous.com,Client List
deluxe.com,Client List
dish.com,Client List
dxl.com,Client List
employbridge.com,Client List
us.gsk.com,Client List
hpone.com,Client List
iherb.com,Client List
wiley.com,Client List
jostens.com,Client List
kindsnacks.com,Client List
marsveterinary.com,Client List
mbi-inc.com,Client List
mheducation.com,Client List
mfs.com,Client List
michaels.com,Client List
naturesbounty.com,Client List
dnb.com,Client List
riteaid.com,Client List
shutterfly.com,Client List
tailoredbrands.com,Client List
thehartford.com,Client List
npd.com,Client List
wellspan.org,Client List
westernunion.com,Client List
zelis.com,Client List
ufc.com,Client List
access.tt,Client List
gap.com,Client List
gsk.com,Client List
lululemon.com,Client List
blackrock.com,Client List
af.mil,Client List
